<keymap version="1" name="Kevin" parent="Emacs">
  <action id="BraceOrQuoteOut" />
  <action id="EditorChooseLookupItemReplace" />
  <action id="EditorIndentSelection" />
  <action id="EditorTab">
    <keyboard-shortcut first-keystroke="tab" />
  </action>
  <action id="EmacsStyleIndent" />
  <action id="ExpandLiveTemplateByTab" />
  <action id="NextParameter" />
  <action id="NextTemplateParameter" />
  <action id="NextTemplateVariable">
    <keyboard-shortcut first-keystroke="enter" />
    <keyboard-shortcut first-keystroke="ctrl m" />
  </action>
  <action id="SearchEverywhere.CompleteCommand" />
  <action id="SearchEverywhere.NextTab" />
</keymap>