<application>
  <component name="XDebuggerSettings">
    <data-views>
      <option name="valueLookupDelay" value="150" />
      <show-values-inline>false</show-values-inline>
    </data-views>
    <general>
      <option name="hideDebuggerOnProcessTermination" value="true" />
    </general>
    <debuggers>
      <debugger id="dotnet_debugger">
        <configuration>
          <option name="needNotifyWhenStoppedInExternalCode" value="false" />
        </configuration>
      </debugger>
    </debuggers>
  </component>
</application>