<application>
  <component name="CodeFoldingSettings">
    <option name="COLLAPSE_IMPORTS" value="false" />
    <option name="COLLAPSE_FILE_HEADER" value="false" />
  </component>
  <component name="DefaultFont">
    <option name="FONT_SIZE" value="18" />
    <option name="FONT_FAMILY" value="Consolas" />
    <option name="FONT_REGULAR_SUB_FAMILY" value="Regular" />
    <option name="FONT_BOLD_SUB_FAMILY" value="Bold" />
    <option name="LINE_SPACING" value="1.0" />
  </component>
  <component name="EditorSettings">
    <option name="languageBreadcrumbsMap">
      <map>
        <entry key="CSS" value="true" />
        <entry key="HTML" value="true" />
        <entry key="JSON" value="true" />
        <entry key="JavaScript" value="true" />
        <entry key="SQL" value="true" />
        <entry key="TypeScript" value="true" />
        <entry key="XHTML" value="true" />
        <entry key="XML" value="true" />
        <entry key="go" value="true" />
        <entry key="yaml" value="true" />
      </map>
    </option>
    <option name="IS_FOLDING_OUTLINE_SHOWN" value="false" />
  </component>
  <component name="InlayHintsSettings">
    <option name="enabled" value="false" />
    <option name="lastViewedProviderKeyId" value="microservices.url.path.inlay.hints" />
  </component>
  <component name="SqlFoldingSettings">
    <option name="COLLAPSE_LONG_NUMBERS" value="false" />
  </component>
  <component name="XmlFoldingSettings">
    <option name="COLLAPSE_HTML_STYLE_ATTRIBUTE" value="false" />
    <option name="COLLAPSE_ENTITIES" value="false" />
    <option name="COLLAPSE_DATA_URI" value="false" />
  </component>
</application>